is_valid,lap_number,rider_name,rider_number,sector_number,sector_time,time_seconds
True,1,Jose Antonio RUEDA,99,1,27.521,27.521
True,1,Jose Antonio RUEDA,99,2,33.741,33.741
True,1,Jose Antonio RUEDA,99,3,41.869,41.869
True,1,Jose Antonio RUEDA,99,4,37.094,37.094
True,2,Jose Antonio RUEDA,99,1,28.758,28.758
True,2,Jose Antonio RUEDA,99,2,31.077,31.077
True,2,Jose Antonio RUEDA,99,3,40.451,40.451
True,2,Jose Antonio RUEDA,99,4,35.867,35.867
True,3,Jose Antonio RUEDA,99,1,28.295,28.295
True,3,Jose Antonio RUEDA,99,2,30.334,30.334
True,3,Jose Antonio RUEDA,99,3,40.102,40.102
True,3,Jose Antonio RUEDA,99,4,35.641,35.641
True,4,Jose Antonio RUEDA,99,1,28.158,28.158
True,4,Jose Antonio RUEDA,99,2,30.059,30.059
True,4,Jose Antonio RUEDA,99,3,39.880,39.88
True,4,Jose Antonio RUEDA,99,4,35.515,35.515
True,5,Jose Antonio RUEDA,99,1,36.007,36.007
True,5,Jose Antonio RUEDA,99,2,30.162,30.162
True,5,Jose Antonio RUEDA,99,3,40.003,40.003
True,5,Jose Antonio RUEDA,99,4,35.570,35.57
True,6,Jose Antonio RUEDA,99,1,27.894,27.894
True,6,Jose Antonio RUEDA,99,2,29.776,29.776
True,6,Jose Antonio RUEDA,99,3,39.544,39.544
True,6,Jose Antonio RUEDA,99,4,35.153,35.153
True,7,Jose Antonio RUEDA,99,1,27.751,27.751
True,7,Jose Antonio RUEDA,99,2,29.625,29.625
True,7,Jose Antonio RUEDA,99,3,39.474,39.474
True,7,Jose Antonio RUEDA,99,4,35.246,35.246
True,8,Jose Antonio RUEDA,99,1,27.909,27.909
True,8,Jose Antonio RUEDA,99,2,29.818,29.818
True,8,Jose Antonio RUEDA,99,3,39.882,39.882
True,8,Jose Antonio RUEDA,99,4,44.596,44.596
True,9,Jose Antonio RUEDA,99,1,28.140,28.14
True,9,Jose Antonio RUEDA,99,2,30.571,30.571
True,9,Jose Antonio RUEDA,99,3,39.973,39.973
True,9,Jose Antonio RUEDA,99,4,35.484,35.484
True,10,Jose Antonio RUEDA,99,1,27.777,27.777
True,10,Jose Antonio RUEDA,99,2,29.539,29.539
True,10,Jose Antonio RUEDA,99,3,39.356,39.356
True,10,Jose Antonio RUEDA,99,4,36.189,36.189
True,11,Jose Antonio RUEDA,99,1,27.683,27.683
True,11,Jose Antonio RUEDA,99,2,29.512,29.512
True,11,Jose Antonio RUEDA,99,3,39.082,39.082
True,11,Jose Antonio RUEDA,99,4,35.002,35.002
True,12,Jose Antonio RUEDA,99,1,27.679,27.679
True,12,Jose Antonio RUEDA,99,2,29.376,29.376
True,12,Jose Antonio RUEDA,99,3,39.090,39.09
True,12,Jose Antonio RUEDA,99,4,35.007,35.007
True,13,Jose Antonio RUEDA,99,1,27.866,27.866
True,13,Jose Antonio RUEDA,99,2,29.918,29.918
True,13,Jose Antonio RUEDA,99,3,39.585,39.585
True,13,Jose Antonio RUEDA,99,4,35.334,35.334
True,1,Alvaro CARPE,83,1,27.808,27.808
True,1,Alvaro CARPE,83,2,33.851,33.851
True,1,Alvaro CARPE,83,3,43.341,43.341
True,1,Alvaro CARPE,83,4,37.743,37.743
True,2,Alvaro CARPE,83,1,29.342,29.342
True,2,Alvaro CARPE,83,2,31.917,31.917
True,2,Alvaro CARPE,83,3,42.464,42.464
True,2,Alvaro CARPE,83,4,36.533,36.533
True,3,Alvaro CARPE,83,1,28.728,28.728
True,3,Alvaro CARPE,83,2,30.551,30.551
True,3,Alvaro CARPE,83,3,40.216,40.216
True,3,Alvaro CARPE,83,4,35.877,35.877
True,4,Alvaro CARPE,83,1,28.200,28.2
True,4,Alvaro CARPE,83,2,30.222,30.222
True,4,Alvaro CARPE,83,3,40.051,40.051
True,4,Alvaro CARPE,83,4,35.712,35.712
True,5,Alvaro CARPE,83,1,28.208,28.208
True,5,Alvaro CARPE,83,2,29.915,29.915
True,5,Alvaro CARPE,83,3,39.538,39.538
True,5,Alvaro CARPE,83,4,35.499,35.499
True,6,Alvaro CARPE,83,1,27.926,27.926
True,6,Alvaro CARPE,83,2,31.391,31.391
True,6,Alvaro CARPE,83,3,39.924,39.924
True,6,Alvaro CARPE,83,4,36.041,36.041
True,7,Alvaro CARPE,83,1,27.800,27.8
True,7,Alvaro CARPE,83,2,29.658,29.658
True,7,Alvaro CARPE,83,3,39.434,39.434
True,7,Alvaro CARPE,83,4,35.494,35.494
True,8,Alvaro CARPE,83,1,27.768,27.768
True,8,Alvaro CARPE,83,2,30.047,30.047
True,8,Alvaro CARPE,83,3,40.807,40.807
True,8,Alvaro CARPE,83,4,46.344,46.344
True,9,Alvaro CARPE,83,1,32.696,32.696
True,9,Alvaro CARPE,83,2,31.110,31.11
True,9,Alvaro CARPE,83,3,39.780,39.78
True,9,Alvaro CARPE,83,4,35.351,35.351
True,10,Alvaro CARPE,83,1,27.563,27.563
True,10,Alvaro CARPE,83,2,29.277,29.277
True,10,Alvaro CARPE,83,3,39.169,39.169
True,10,Alvaro CARPE,83,4,35.178,35.178
True,11,Alvaro CARPE,83,1,27.946,27.946
True,11,Alvaro CARPE,83,2,29.808,29.808
True,11,Alvaro CARPE,83,3,40.060,40.06
True,11,Alvaro CARPE,83,4,39.394,39.394
True,12,Alvaro CARPE,83,1,27.678,27.678
True,12,Alvaro CARPE,83,2,29.954,29.954
True,12,Alvaro CARPE,83,3,39.887,39.887
True,12,Alvaro CARPE,83,4,35.433,35.433
True,13,Alvaro CARPE,83,1,27.940,27.94
True,13,Alvaro CARPE,83,2,29.932,29.932
True,13,Alvaro CARPE,83,3,39.761,39.761
True,13,Alvaro CARPE,83,4,35.164,35.164
True,1,Brian URIARTE,51,1,27.842,27.842
True,1,Brian URIARTE,51,2,33.732,33.732
True,1,Brian URIARTE,51,3,42.719,42.719
True,1,Brian URIARTE,51,4,36.886,36.886
True,2,Brian URIARTE,51,1,28.720,28.72
True,2,Brian URIARTE,51,2,30.908,30.908
True,2,Brian URIARTE,51,3,40.236,40.236
True,2,Brian URIARTE,51,4,36.074,36.074
True,3,Brian URIARTE,51,1,28.288,28.288
True,3,Brian URIARTE,51,2,30.159,30.159
True,3,Brian URIARTE,51,3,39.827,39.827
True,3,Brian URIARTE,51,4,35.601,35.601
True,4,Brian URIARTE,51,1,28.086,28.086
True,4,Brian URIARTE,51,2,30.086,30.086
True,4,Brian URIARTE,51,3,40.055,40.055
True,4,Brian URIARTE,51,4,35.721,35.721
True,5,Brian URIARTE,51,1,28.118,28.118
True,5,Brian URIARTE,51,2,29.987,29.987
True,5,Brian URIARTE,51,3,39.794,39.794
True,5,Brian URIARTE,51,4,35.647,35.647
True,6,Brian URIARTE,51,1,28.088,28.088
True,6,Brian URIARTE,51,2,29.867,29.867
True,6,Brian URIARTE,51,3,39.778,39.778
True,6,Brian URIARTE,51,4,35.408,35.408
True,7,Brian URIARTE,51,1,30.074,30.074
True,7,Brian URIARTE,51,2,33.965,33.965
True,7,Brian URIARTE,51,3,39.964,39.964
True,7,Brian URIARTE,51,4,35.968,35.968
True,8,Brian URIARTE,51,1,27.958,27.958
True,8,Brian URIARTE,51,2,29.871,29.871
True,8,Brian URIARTE,51,3,39.868,39.868
True,8,Brian URIARTE,51,4,35.441,35.441
True,9,Brian URIARTE,51,1,27.903,27.903
True,9,Brian URIARTE,51,2,29.819,29.819
True,9,Brian URIARTE,51,3,39.873,39.873
True,9,Brian URIARTE,51,4,35.466,35.466
True,10,Brian URIARTE,51,1,28.405,28.405
True,10,Brian URIARTE,51,2,30.541,30.541
True,10,Brian URIARTE,51,3,41.287,41.287
True,10,Brian URIARTE,51,4,43.857,43.857
True,11,Brian URIARTE,51,1,27.346,27.346
True,11,Brian URIARTE,51,2,30.916,30.916
True,11,Brian URIARTE,51,3,40.974,40.974
True,11,Brian URIARTE,51,4,35.688,35.688
True,12,Brian URIARTE,51,1,27.615,27.615
True,12,Brian URIARTE,51,2,29.597,29.597
True,12,Brian URIARTE,51,3,39.254,39.254
True,12,Brian URIARTE,51,4,34.736,34.736
True,13,Brian URIARTE,51,1,27.325,27.325
True,13,Brian URIARTE,51,2,29.604,29.604
True,13,Brian URIARTE,51,3,39.201,39.201
True,13,Brian URIARTE,51,4,35.080,35.08
True,15,Brian URIARTE,51,1,27.737,27.737
True,15,Brian URIARTE,51,2,29.621,29.621
True,15,Brian URIARTE,51,3,39.127,39.127
True,15,Brian URIARTE,51,4,34.871,34.871
True,1,Angel PIQUERAS,36,1,26.608,26.608
True,1,Angel PIQUERAS,36,2,34.241,34.241
True,1,Angel PIQUERAS,36,3,43.545,43.545
True,1,Angel PIQUERAS,36,4,36.400,36.4
True,2,Angel PIQUERAS,36,1,28.825,28.825
True,2,Angel PIQUERAS,36,2,31.097,31.097
True,2,Angel PIQUERAS,36,3,40.477,40.477
True,2,Angel PIQUERAS,36,4,35.512,35.512
True,3,Angel PIQUERAS,36,1,28.135,28.135
True,3,Angel PIQUERAS,36,2,30.162,30.162
True,3,Angel PIQUERAS,36,3,39.937,39.937
True,3,Angel PIQUERAS,36,4,35.556,35.556
True,4,Angel PIQUERAS,36,1,28.057,28.057
True,4,Angel PIQUERAS,36,2,30.447,30.447
True,4,Angel PIQUERAS,36,3,40.128,40.128
True,4,Angel PIQUERAS,36,4,35.375,35.375
True,5,Angel PIQUERAS,36,1,27.789,27.789
True,5,Angel PIQUERAS,36,2,29.905,29.905
True,5,Angel PIQUERAS,36,3,39.633,39.633
True,5,Angel PIQUERAS,36,4,35.449,35.449
True,6,Angel PIQUERAS,36,1,27.874,27.874
True,6,Angel PIQUERAS,36,2,32.194,32.194
True,6,Angel PIQUERAS,36,3,39.756,39.756
True,6,Angel PIQUERAS,36,4,35.502,35.502
True,7,Angel PIQUERAS,36,1,27.738,27.738
True,7,Angel PIQUERAS,36,2,29.758,29.758
True,7,Angel PIQUERAS,36,3,39.617,39.617
True,7,Angel PIQUERAS,36,4,35.274,35.274
True,8,Angel PIQUERAS,36,1,27.704,27.704
True,8,Angel PIQUERAS,36,2,29.617,29.617
True,8,Angel PIQUERAS,36,3,39.485,39.485
True,8,Angel PIQUERAS,36,4,35.340,35.34
True,9,Angel PIQUERAS,36,1,28.150,28.15
True,9,Angel PIQUERAS,36,2,30.506,30.506
True,9,Angel PIQUERAS,36,3,40.535,40.535
True,9,Angel PIQUERAS,36,4,44.366,44.366
True,10,Angel PIQUERAS,36,1,29.296,29.296
True,10,Angel PIQUERAS,36,2,31.360,31.36
True,10,Angel PIQUERAS,36,3,41.376,41.376
True,10,Angel PIQUERAS,36,4,35.129,35.129
True,11,Angel PIQUERAS,36,1,27.511,27.511
True,11,Angel PIQUERAS,36,2,29.402,29.402
True,11,Angel PIQUERAS,36,3,39.370,39.37
True,11,Angel PIQUERAS,36,4,34.981,34.981
True,12,Angel PIQUERAS,36,1,28.265,28.265
True,12,Angel PIQUERAS,36,2,30.555,30.555
True,12,Angel PIQUERAS,36,3,39.324,39.324
True,12,Angel PIQUERAS,36,4,35.395,35.395
True,13,Angel PIQUERAS,36,1,27.479,27.479
True,13,Angel PIQUERAS,36,2,29.918,29.918
True,13,Angel PIQUERAS,36,3,41.556,41.556
True,13,Angel PIQUERAS,36,4,35.152,35.152
True,14,Angel PIQUERAS,36,1,27.538,27.538
True,14,Angel PIQUERAS,36,2,31.096,31.096
True,14,Angel PIQUERAS,36,3,40.509,40.509
True,14,Angel PIQUERAS,36,4,35.684,35.684
True,1,David ALMANSA,22,1,27.762,27.762
True,1,David ALMANSA,22,2,33.957,33.957
True,1,David ALMANSA,22,3,43.133,43.133
True,1,David ALMANSA,22,4,38.569,38.569
True,2,David ALMANSA,22,1,29.159,29.159
True,2,David ALMANSA,22,2,30.864,30.864
True,2,David ALMANSA,22,3,40.438,40.438
True,2,David ALMANSA,22,4,35.999,35.999
True,3,David ALMANSA,22,1,28.389,28.389
True,3,David ALMANSA,22,2,30.169,30.169
True,3,David ALMANSA,22,3,40.047,40.047
True,3,David ALMANSA,22,4,35.824,35.824
True,4,David ALMANSA,22,1,27.904,27.904
True,4,David ALMANSA,22,2,29.918,29.918
True,4,David ALMANSA,22,3,39.952,39.952
True,4,David ALMANSA,22,4,35.684,35.684
True,5,David ALMANSA,22,1,27.955,27.955
True,5,David ALMANSA,22,2,30.303,30.303
True,5,David ALMANSA,22,3,40.347,40.347
True,5,David ALMANSA,22,4,35.600,35.6
True,6,David ALMANSA,22,1,31.567,31.567
True,6,David ALMANSA,22,2,31.526,31.526
True,6,David ALMANSA,22,3,39.943,39.943
True,6,David ALMANSA,22,4,35.661,35.661
True,7,David ALMANSA,22,1,27.873,27.873
True,7,David ALMANSA,22,2,29.810,29.81
True,7,David ALMANSA,22,3,39.722,39.722
True,7,David ALMANSA,22,4,35.269,35.269
True,8,David ALMANSA,22,1,28.142,28.142
True,8,David ALMANSA,22,2,30.271,30.271
True,8,David ALMANSA,22,3,40.254,40.254
True,8,David ALMANSA,22,4,46.447,46.447
True,9,David ALMANSA,22,1,28.727,28.727
True,9,David ALMANSA,22,2,31.263,31.263
True,9,David ALMANSA,22,3,40.164,40.164
True,9,David ALMANSA,22,4,35.577,35.577
True,10,David ALMANSA,22,1,27.654,27.654
True,10,David ALMANSA,22,2,29.363,29.363
True,10,David ALMANSA,22,3,39.023,39.023
True,10,David ALMANSA,22,4,35.233,35.233
True,11,David ALMANSA,22,1,27.519,27.519
True,11,David ALMANSA,22,2,29.479,29.479
True,11,David ALMANSA,22,3,39.666,39.666
True,11,David ALMANSA,22,4,35.287,35.287
True,12,David ALMANSA,22,1,34.512,34.512
True,12,David ALMANSA,22,2,30.530,30.53
True,12,David ALMANSA,22,3,40.834,40.834
True,12,David ALMANSA,22,4,38.809,38.809
True,13,David ALMANSA,22,1,27.835,27.835
True,13,David ALMANSA,22,2,29.916,29.916
True,13,David ALMANSA,22,3,40.058,40.058
True,13,David ALMANSA,22,4,36.022,36.022
True,1,Taiyo FURUSATO,72,1,26.817,26.817
True,1,Taiyo FURUSATO,72,2,33.463,33.463
True,1,Taiyo FURUSATO,72,3,43.291,43.291
True,1,Taiyo FURUSATO,72,4,37.339,37.339
True,2,Taiyo FURUSATO,72,1,28.635,28.635
True,2,Taiyo FURUSATO,72,2,30.962,30.962
True,2,Taiyo FURUSATO,72,3,40.637,40.637
True,2,Taiyo FURUSATO,72,4,35.932,35.932
True,3,Taiyo FURUSATO,72,1,28.040,28.04
True,3,Taiyo FURUSATO,72,2,30.153,30.153
True,3,Taiyo FURUSATO,72,3,39.875,39.875
True,3,Taiyo FURUSATO,72,4,35.565,35.565
True,4,Taiyo FURUSATO,72,1,28.062,28.062
True,4,Taiyo FURUSATO,72,2,29.974,29.974
True,4,Taiyo FURUSATO,72,3,39.718,39.718
True,4,Taiyo FURUSATO,72,4,35.656,35.656
True,5,Taiyo FURUSATO,72,1,27.859,27.859
True,5,Taiyo FURUSATO,72,2,29.844,29.844
True,5,Taiyo FURUSATO,72,3,40.102,40.102
True,5,Taiyo FURUSATO,72,4,35.847,35.847
True,6,Taiyo FURUSATO,72,1,28.190,28.19
True,6,Taiyo FURUSATO,72,2,29.992,29.992
True,6,Taiyo FURUSATO,72,3,39.673,39.673
True,6,Taiyo FURUSATO,72,4,35.419,35.419
True,7,Taiyo FURUSATO,72,1,27.852,27.852
True,7,Taiyo FURUSATO,72,2,29.799,29.799
True,7,Taiyo FURUSATO,72,3,39.446,39.446
True,7,Taiyo FURUSATO,72,4,35.618,35.618
True,8,Taiyo FURUSATO,72,1,28.539,28.539
True,8,Taiyo FURUSATO,72,2,29.748,29.748
True,8,Taiyo FURUSATO,72,3,39.867,39.867
True,8,Taiyo FURUSATO,72,4,45.720,45.72
True,9,Taiyo FURUSATO,72,1,26.603,26.603
True,9,Taiyo FURUSATO,72,2,30.890,30.89
True,9,Taiyo FURUSATO,72,3,40.532,40.532
True,9,Taiyo FURUSATO,72,4,36.372,36.372
True,10,Taiyo FURUSATO,72,1,27.690,27.69
True,10,Taiyo FURUSATO,72,2,29.762,29.762
True,10,Taiyo FURUSATO,72,3,39.149,39.149
True,10,Taiyo FURUSATO,72,4,35.289,35.289
True,11,Taiyo FURUSATO,72,1,27.607,27.607
True,11,Taiyo FURUSATO,72,2,29.523,29.523
True,11,Taiyo FURUSATO,72,3,39.072,39.072
True,11,Taiyo FURUSATO,72,4,35.081,35.081
True,12,Taiyo FURUSATO,72,1,27.542,27.542
True,12,Taiyo FURUSATO,72,2,29.553,29.553
True,12,Taiyo FURUSATO,72,3,39.542,39.542
True,12,Taiyo FURUSATO,72,4,35.222,35.222
True,13,Taiyo FURUSATO,72,1,30.649,30.649
True,13,Taiyo FURUSATO,72,2,30.232,30.232
True,13,Taiyo FURUSATO,72,3,39.830,39.83
True,13,Taiyo FURUSATO,72,4,35.728,35.728
True,1,Joel KELSO,66,1,28.521,28.521
True,1,Joel KELSO,66,2,36.709,36.709
True,1,Joel KELSO,66,3,43.559,43.559
True,1,Joel KELSO,66,4,36.996,36.996
True,2,Joel KELSO,66,1,28.790,28.79
True,2,Joel KELSO,66,2,31.465,31.465
True,2,Joel KELSO,66,3,40.719,40.719
True,2,Joel KELSO,66,4,36.456,36.456
True,3,Joel KELSO,66,1,28.550,28.55
True,3,Joel KELSO,66,2,31.033,31.033
True,3,Joel KELSO,66,3,40.673,40.673
True,3,Joel KELSO,66,4,35.627,35.627
True,4,Joel KELSO,66,1,28.169,28.169
True,4,Joel KELSO,66,2,30.138,30.138
True,4,Joel KELSO,66,3,40.121,40.121
True,4,Joel KELSO,66,4,35.449,35.449
True,5,Joel KELSO,66,1,27.972,27.972
True,5,Joel KELSO,66,2,30.041,30.041
True,5,Joel KELSO,66,3,40.167,40.167
True,5,Joel KELSO,66,4,35.680,35.68
True,6,Joel KELSO,66,1,27.960,27.96
True,6,Joel KELSO,66,2,30.019,30.019
True,6,Joel KELSO,66,3,39.986,39.986
True,6,Joel KELSO,66,4,35.421,35.421
True,7,Joel KELSO,66,1,28.031,28.031
True,7,Joel KELSO,66,2,32.405,32.405
True,7,Joel KELSO,66,3,43.722,43.722
True,7,Joel KELSO,66,4,53.282,53.282
True,8,Joel KELSO,66,1,29.420,29.42
True,8,Joel KELSO,66,2,31.313,31.313
True,8,Joel KELSO,66,3,41.344,41.344
True,8,Joel KELSO,66,4,35.805,35.805
True,9,Joel KELSO,66,1,27.558,27.558
True,9,Joel KELSO,66,2,29.480,29.48
True,9,Joel KELSO,66,3,39.263,39.263
True,9,Joel KELSO,66,4,35.148,35.148
True,10,Joel KELSO,66,1,32.332,32.332
True,10,Joel KELSO,66,2,31.286,31.286
True,10,Joel KELSO,66,3,40.978,40.978
True,10,Joel KELSO,66,4,35.977,35.977
True,12,Joel KELSO,66,1,27.698,27.698
True,12,Joel KELSO,66,2,29.903,29.903
True,12,Joel KELSO,66,3,40.082,40.082
True,12,Joel KELSO,66,4,35.314,35.314
True,1,Jacob ROULSTONE,12,1,27.442,27.442
True,1,Jacob ROULSTONE,12,2,33.980,33.98
True,1,Jacob ROULSTONE,12,3,42.149,42.149
True,1,Jacob ROULSTONE,12,4,37.769,37.769
True,2,Jacob ROULSTONE,12,1,28.851,28.851
True,2,Jacob ROULSTONE,12,2,30.877,30.877
True,2,Jacob ROULSTONE,12,3,40.485,40.485
True,2,Jacob ROULSTONE,12,4,36.441,36.441
True,3,Jacob ROULSTONE,12,1,28.069,28.069
True,3,Jacob ROULSTONE,12,2,30.086,30.086
True,3,Jacob ROULSTONE,12,3,39.733,39.733
True,3,Jacob ROULSTONE,12,4,35.713,35.713
True,4,Jacob ROULSTONE,12,1,28.098,28.098
True,4,Jacob ROULSTONE,12,2,29.935,29.935
True,4,Jacob ROULSTONE,12,3,39.969,39.969
True,4,Jacob ROULSTONE,12,4,36.300,36.3
True,5,Jacob ROULSTONE,12,1,28.074,28.074
True,5,Jacob ROULSTONE,12,2,29.922,29.922
True,5,Jacob ROULSTONE,12,3,39.785,39.785
True,5,Jacob ROULSTONE,12,4,36.053,36.053
True,6,Jacob ROULSTONE,12,1,35.172,35.172
True,6,Jacob ROULSTONE,12,2,32.036,32.036
True,6,Jacob ROULSTONE,12,3,39.997,39.997
True,6,Jacob ROULSTONE,12,4,35.717,35.717
True,7,Jacob ROULSTONE,12,1,27.916,27.916
True,7,Jacob ROULSTONE,12,2,29.802,29.802
True,7,Jacob ROULSTONE,12,3,39.479,39.479
True,7,Jacob ROULSTONE,12,4,35.429,35.429
True,8,Jacob ROULSTONE,12,1,29.367,29.367
True,8,Jacob ROULSTONE,12,2,31.897,31.897
True,8,Jacob ROULSTONE,12,3,40.168,40.168
True,8,Jacob ROULSTONE,12,4,43.321,43.321
True,9,Jacob ROULSTONE,12,1,30.023,30.023
True,9,Jacob ROULSTONE,12,2,31.272,31.272
True,9,Jacob ROULSTONE,12,3,41.412,41.412
True,9,Jacob ROULSTONE,12,4,35.965,35.965
True,10,Jacob ROULSTONE,12,1,27.722,27.722
True,10,Jacob ROULSTONE,12,2,29.455,29.455
True,10,Jacob ROULSTONE,12,3,39.253,39.253
True,10,Jacob ROULSTONE,12,4,35.082,35.082
True,1,Luca LUNETTA,58,1,27.489,27.489
True,1,Luca LUNETTA,58,2,34.676,34.676
True,1,Luca LUNETTA,58,3,42.732,42.732
True,1,Luca LUNETTA,58,4,38.970,38.97
True,2,Luca LUNETTA,58,1,29.303,29.303
True,2,Luca LUNETTA,58,2,31.637,31.637
True,2,Luca LUNETTA,58,3,41.091,41.091
True,2,Luca LUNETTA,58,4,36.228,36.228
True,3,Luca LUNETTA,58,1,28.321,28.321
True,3,Luca LUNETTA,58,2,30.498,30.498
True,3,Luca LUNETTA,58,3,40.043,40.043
True,3,Luca LUNETTA,58,4,35.689,35.689
True,4,Luca LUNETTA,58,1,28.498,28.498
True,4,Luca LUNETTA,58,2,30.192,30.192
True,4,Luca LUNETTA,58,3,39.632,39.632
True,4,Luca LUNETTA,58,4,35.656,35.656
True,5,Luca LUNETTA,58,1,28.040,28.04
True,5,Luca LUNETTA,58,2,30.072,30.072
True,5,Luca LUNETTA,58,3,39.782,39.782
True,5,Luca LUNETTA,58,4,35.681,35.681
True,6,Luca LUNETTA,58,1,28.295,28.295
True,6,Luca LUNETTA,58,2,30.090,30.09
True,6,Luca LUNETTA,58,3,39.698,39.698
True,6,Luca LUNETTA,58,4,35.536,35.536
True,7,Luca LUNETTA,58,1,27.943,27.943
True,7,Luca LUNETTA,58,2,30.062,30.062
True,7,Luca LUNETTA,58,3,39.672,39.672
True,7,Luca LUNETTA,58,4,47.746,47.746
True,8,Luca LUNETTA,58,1,28.699,28.699
True,8,Luca LUNETTA,58,2,31.348,31.348
True,8,Luca LUNETTA,58,3,41.896,41.896
True,8,Luca LUNETTA,58,4,37.201,37.201
True,9,Luca LUNETTA,58,1,27.871,27.871
True,9,Luca LUNETTA,58,2,30.210,30.21
True,9,Luca LUNETTA,58,3,39.427,39.427
True,9,Luca LUNETTA,58,4,35.202,35.202
True,10,Luca LUNETTA,58,1,27.702,27.702
True,10,Luca LUNETTA,58,2,29.778,29.778
True,10,Luca LUNETTA,58,3,39.311,39.311
True,10,Luca LUNETTA,58,4,35.150,35.15
True,11,Luca LUNETTA,58,1,27.685,27.685
True,11,Luca LUNETTA,58,2,29.745,29.745
True,11,Luca LUNETTA,58,3,39.890,39.89
True,11,Luca LUNETTA,58,4,36.004,36.004
True,12,Luca LUNETTA,58,1,27.534,27.534
True,12,Luca LUNETTA,58,2,29.635,29.635
True,12,Luca LUNETTA,58,3,39.186,39.186
True,12,Luca LUNETTA,58,4,35.268,35.268
True,1,Scott OGDEN,19,1,26.665,26.665
True,1,Scott OGDEN,19,2,34.539,34.539
True,1,Scott OGDEN,19,3,43.318,43.318
True,1,Scott OGDEN,19,4,36.901,36.901
True,2,Scott OGDEN,19,1,28.858,28.858
True,2,Scott OGDEN,19,2,30.920,30.92
True,2,Scott OGDEN,19,3,40.542,40.542
True,2,Scott OGDEN,19,4,36.017,36.017
True,3,Scott OGDEN,19,1,28.339,28.339
True,3,Scott OGDEN,19,2,30.517,30.517
True,3,Scott OGDEN,19,3,40.108,40.108
True,3,Scott OGDEN,19,4,35.899,35.899
True,4,Scott OGDEN,19,1,28.613,28.613
True,4,Scott OGDEN,19,2,30.511,30.511
True,4,Scott OGDEN,19,3,43.257,43.257
True,4,Scott OGDEN,19,4,35.802,35.802
True,5,Scott OGDEN,19,1,28.368,28.368
True,5,Scott OGDEN,19,2,30.089,30.089
True,5,Scott OGDEN,19,3,39.865,39.865
True,5,Scott OGDEN,19,4,35.611,35.611
True,6,Scott OGDEN,19,1,28.056,28.056
True,6,Scott OGDEN,19,2,29.932,29.932
True,6,Scott OGDEN,19,3,40.032,40.032
True,6,Scott OGDEN,19,4,35.843,35.843
True,7,Scott OGDEN,19,1,28.076,28.076
True,7,Scott OGDEN,19,2,29.928,29.928
True,7,Scott OGDEN,19,3,39.769,39.769
True,7,Scott OGDEN,19,4,35.571,35.571
True,8,Scott OGDEN,19,1,27.997,27.997
True,8,Scott OGDEN,19,2,29.975,29.975
True,8,Scott OGDEN,19,3,39.621,39.621
True,8,Scott OGDEN,19,4,35.527,35.527
True,9,Scott OGDEN,19,1,28.101,28.101
True,9,Scott OGDEN,19,2,29.863,29.863
True,9,Scott OGDEN,19,3,39.537,39.537
True,9,Scott OGDEN,19,4,35.525,35.525
True,10,Scott OGDEN,19,1,29.230,29.23
True,10,Scott OGDEN,19,2,30.830,30.83
True,10,Scott OGDEN,19,3,41.438,41.438
True,10,Scott OGDEN,19,4,44.050,44.05
True,11,Scott OGDEN,19,1,28.648,28.648
True,11,Scott OGDEN,19,2,31.194,31.194
True,11,Scott OGDEN,19,3,41.012,41.012
True,11,Scott OGDEN,19,4,39.495,39.495
True,12,Scott OGDEN,19,1,27.757,27.757
True,12,Scott OGDEN,19,2,29.417,29.417
True,12,Scott OGDEN,19,3,39.431,39.431
True,12,Scott OGDEN,19,4,35.407,35.407
True,13,Scott OGDEN,19,1,27.729,27.729
True,13,Scott OGDEN,19,2,29.709,29.709
True,13,Scott OGDEN,19,3,41.136,41.136
True,13,Scott OGDEN,19,4,38.815,38.815
True,14,Scott OGDEN,19,1,27.691,27.691
True,14,Scott OGDEN,19,2,29.561,29.561
True,14,Scott OGDEN,19,3,39.155,39.155
True,14,Scott OGDEN,19,4,35.257,35.257
True,1,Hakim DANISH,13,1,26.803,26.803
True,1,Hakim DANISH,13,2,32.066,32.066
True,1,Hakim DANISH,13,3,41.616,41.616
True,1,Hakim DANISH,13,4,36.450,36.45
True,2,Hakim DANISH,13,1,28.396,28.396
True,2,Hakim DANISH,13,2,30.413,30.413
True,2,Hakim DANISH,13,3,40.620,40.62
True,2,Hakim DANISH,13,4,35.695,35.695
True,3,Hakim DANISH,13,1,28.038,28.038
True,3,Hakim DANISH,13,2,30.258,30.258
True,3,Hakim DANISH,13,3,40.185,40.185
True,3,Hakim DANISH,13,4,35.800,35.8
True,4,Hakim DANISH,13,1,28.288,28.288
True,4,Hakim DANISH,13,2,29.910,29.91
True,4,Hakim DANISH,13,3,39.825,39.825
True,4,Hakim DANISH,13,4,35.581,35.581
True,5,Hakim DANISH,13,1,27.930,27.93
True,5,Hakim DANISH,13,2,29.956,29.956
True,5,Hakim DANISH,13,3,39.904,39.904
True,5,Hakim DANISH,13,4,35.645,35.645
True,6,Hakim DANISH,13,1,27.891,27.891
True,6,Hakim DANISH,13,2,30.059,30.059
True,6,Hakim DANISH,13,3,39.684,39.684
True,6,Hakim DANISH,13,4,35.477,35.477
True,7,Hakim DANISH,13,1,27.904,27.904
True,7,Hakim DANISH,13,2,29.808,29.808
True,7,Hakim DANISH,13,3,39.603,39.603
True,7,Hakim DANISH,13,4,35.565,35.565
True,8,Hakim DANISH,13,1,28.003,28.003
True,8,Hakim DANISH,13,2,29.923,29.923
True,8,Hakim DANISH,13,3,39.892,39.892
True,8,Hakim DANISH,13,4,35.616,35.616
True,9,Hakim DANISH,13,1,28.087,28.087
True,9,Hakim DANISH,13,2,30.172,30.172
True,9,Hakim DANISH,13,3,40.286,40.286
True,9,Hakim DANISH,13,4,43.382,43.382
True,10,Hakim DANISH,13,1,28.206,28.206
True,10,Hakim DANISH,13,2,30.462,30.462
True,10,Hakim DANISH,13,3,39.827,39.827
True,10,Hakim DANISH,13,4,35.669,35.669
True,11,Hakim DANISH,13,1,27.749,27.749
True,11,Hakim DANISH,13,2,29.379,29.379
True,11,Hakim DANISH,13,3,39.305,39.305
True,11,Hakim DANISH,13,4,35.387,35.387
True,12,Hakim DANISH,13,1,29.043,29.043
True,12,Hakim DANISH,13,2,29.666,29.666
True,12,Hakim DANISH,13,3,39.534,39.534
True,12,Hakim DANISH,13,4,35.310,35.31
True,13,Hakim DANISH,13,1,27.632,27.632
True,13,Hakim DANISH,13,2,29.680,29.68
True,13,Hakim DANISH,13,3,39.352,39.352
True,13,Hakim DANISH,13,4,35.215,35.215
True,14,Hakim DANISH,13,1,27.673,27.673
True,14,Hakim DANISH,13,2,29.758,29.758
True,14,Hakim DANISH,13,3,39.217,39.217
True,14,Hakim DANISH,13,4,35.307,35.307
True,1,Matteo BERTELLE,18,1,26.346,26.346
True,1,Matteo BERTELLE,18,2,34.610,34.61
True,1,Matteo BERTELLE,18,3,43.341,43.341
True,1,Matteo BERTELLE,18,4,37.130,37.13
True,2,Matteo BERTELLE,18,1,29.027,29.027
True,2,Matteo BERTELLE,18,2,32.384,32.384
True,2,Matteo BERTELLE,18,3,41.305,41.305
True,2,Matteo BERTELLE,18,4,36.911,36.911
True,3,Matteo BERTELLE,18,1,28.652,28.652
True,3,Matteo BERTELLE,18,2,31.536,31.536
True,3,Matteo BERTELLE,18,3,40.442,40.442
True,3,Matteo BERTELLE,18,4,35.969,35.969
True,4,Matteo BERTELLE,18,1,28.480,28.48
True,4,Matteo BERTELLE,18,2,30.729,30.729
True,4,Matteo BERTELLE,18,3,39.913,39.913
True,4,Matteo BERTELLE,18,4,35.640,35.64
True,5,Matteo BERTELLE,18,1,28.220,28.22
True,5,Matteo BERTELLE,18,2,30.687,30.687
True,5,Matteo BERTELLE,18,3,39.998,39.998
True,5,Matteo BERTELLE,18,4,36.121,36.121
True,6,Matteo BERTELLE,18,1,28.328,28.328
True,6,Matteo BERTELLE,18,2,30.436,30.436
True,6,Matteo BERTELLE,18,3,39.835,39.835
True,6,Matteo BERTELLE,18,4,35.566,35.566
True,7,Matteo BERTELLE,18,1,30.076,30.076
True,7,Matteo BERTELLE,18,2,30.794,30.794
True,7,Matteo BERTELLE,18,3,40.269,40.269
True,7,Matteo BERTELLE,18,4,51.205,51.205
True,8,Matteo BERTELLE,18,1,29.165,29.165
True,8,Matteo BERTELLE,18,2,31.130,31.13
True,8,Matteo BERTELLE,18,3,40.302,40.302
True,8,Matteo BERTELLE,18,4,36.085,36.085
True,9,Matteo BERTELLE,18,1,27.758,27.758
True,9,Matteo BERTELLE,18,2,29.628,29.628
True,9,Matteo BERTELLE,18,3,39.202,39.202
True,9,Matteo BERTELLE,18,4,35.242,35.242
True,10,Matteo BERTELLE,18,1,27.730,27.73
True,10,Matteo BERTELLE,18,2,32.287,32.287
True,10,Matteo BERTELLE,18,3,41.597,41.597
True,10,Matteo BERTELLE,18,4,35.492,35.492
True,12,Matteo BERTELLE,18,1,27.922,27.922
True,12,Matteo BERTELLE,18,2,37.278,37.278
True,12,Matteo BERTELLE,18,3,40.230,40.23
True,12,Matteo BERTELLE,18,4,35.502,35.502
True,1,Eddie O'SHEA,8,1,29.407,29.407
True,1,Eddie O'SHEA,8,2,34.879,34.879
True,1,Eddie O'SHEA,8,3,43.714,43.714
True,1,Eddie O'SHEA,8,4,37.855,37.855
True,2,Eddie O'SHEA,8,1,29.125,29.125
True,2,Eddie O'SHEA,8,2,31.723,31.723
True,2,Eddie O'SHEA,8,3,42.624,42.624
True,2,Eddie O'SHEA,8,4,36.809,36.809
True,3,Eddie O'SHEA,8,1,28.471,28.471
True,3,Eddie O'SHEA,8,2,30.624,30.624
True,3,Eddie O'SHEA,8,3,40.232,40.232
True,3,Eddie O'SHEA,8,4,35.698,35.698
True,4,Eddie O'SHEA,8,1,28.949,28.949
True,4,Eddie O'SHEA,8,2,30.565,30.565
True,4,Eddie O'SHEA,8,3,39.906,39.906
True,4,Eddie O'SHEA,8,4,35.504,35.504
True,5,Eddie O'SHEA,8,1,27.934,27.934
True,5,Eddie O'SHEA,8,2,30.043,30.043
True,5,Eddie O'SHEA,8,3,39.804,39.804
True,5,Eddie O'SHEA,8,4,35.646,35.646
True,6,Eddie O'SHEA,8,1,28.002,28.002
True,6,Eddie O'SHEA,8,2,32.191,32.191
True,6,Eddie O'SHEA,8,3,40.032,40.032
True,6,Eddie O'SHEA,8,4,35.579,35.579
True,7,Eddie O'SHEA,8,1,28.001,28.001
True,7,Eddie O'SHEA,8,2,30.093,30.093
True,7,Eddie O'SHEA,8,3,40.028,40.028
True,7,Eddie O'SHEA,8,4,37.791,37.791
True,8,Eddie O'SHEA,8,1,28.080,28.08
True,8,Eddie O'SHEA,8,2,30.249,30.249
True,8,Eddie O'SHEA,8,3,41.988,41.988
True,8,Eddie O'SHEA,8,4,44.398,44.398
True,9,Eddie O'SHEA,8,1,29.920,29.92
True,9,Eddie O'SHEA,8,2,33.412,33.412
True,9,Eddie O'SHEA,8,3,39.856,39.856
True,9,Eddie O'SHEA,8,4,35.663,35.663
True,10,Eddie O'SHEA,8,1,27.720,27.72
True,10,Eddie O'SHEA,8,2,29.465,29.465
True,10,Eddie O'SHEA,8,3,39.265,39.265
True,10,Eddie O'SHEA,8,4,35.429,35.429
True,11,Eddie O'SHEA,8,1,27.974,27.974
True,11,Eddie O'SHEA,8,2,29.544,29.544
True,11,Eddie O'SHEA,8,3,39.938,39.938
True,11,Eddie O'SHEA,8,4,36.796,36.796
True,12,Eddie O'SHEA,8,1,27.789,27.789
True,12,Eddie O'SHEA,8,2,29.507,29.507
True,12,Eddie O'SHEA,8,3,39.442,39.442
True,12,Eddie O'SHEA,8,4,35.612,35.612
True,13,Eddie O'SHEA,8,1,27.766,27.766
True,13,Eddie O'SHEA,8,2,29.579,29.579
True,13,Eddie O'SHEA,8,3,39.468,39.468
True,13,Eddie O'SHEA,8,4,35.170,35.17
True,1,Adrian FERNANDEZ,31,1,28.550,28.55
True,1,Adrian FERNANDEZ,31,2,34.498,34.498
True,1,Adrian FERNANDEZ,31,3,42.931,42.931
True,1,Adrian FERNANDEZ,31,4,36.605,36.605
True,2,Adrian FERNANDEZ,31,1,28.738,28.738
True,2,Adrian FERNANDEZ,31,2,31.203,31.203
True,2,Adrian FERNANDEZ,31,3,40.262,40.262
True,2,Adrian FERNANDEZ,31,4,35.818,35.818
True,3,Adrian FERNANDEZ,31,1,28.190,28.19
True,3,Adrian FERNANDEZ,31,2,30.467,30.467
True,3,Adrian FERNANDEZ,31,3,40.109,40.109
True,3,Adrian FERNANDEZ,31,4,35.687,35.687
True,4,Adrian FERNANDEZ,31,1,28.141,28.141
True,4,Adrian FERNANDEZ,31,2,30.356,30.356
True,4,Adrian FERNANDEZ,31,3,39.952,39.952
True,4,Adrian FERNANDEZ,31,4,35.632,35.632
True,5,Adrian FERNANDEZ,31,1,28.011,28.011
True,5,Adrian FERNANDEZ,31,2,30.131,30.131
True,5,Adrian FERNANDEZ,31,3,39.597,39.597
True,5,Adrian FERNANDEZ,31,4,35.486,35.486
True,6,Adrian FERNANDEZ,31,1,27.967,27.967
True,6,Adrian FERNANDEZ,31,2,31.655,31.655
True,6,Adrian FERNANDEZ,31,3,39.742,39.742
True,6,Adrian FERNANDEZ,31,4,35.455,35.455
True,7,Adrian FERNANDEZ,31,1,27.927,27.927
True,7,Adrian FERNANDEZ,31,2,29.914,29.914
True,7,Adrian FERNANDEZ,31,3,39.490,39.49
True,7,Adrian FERNANDEZ,31,4,35.413,35.413
True,8,Adrian FERNANDEZ,31,1,27.833,27.833
True,8,Adrian FERNANDEZ,31,2,29.822,29.822
True,8,Adrian FERNANDEZ,31,3,39.519,39.519
True,8,Adrian FERNANDEZ,31,4,35.528,35.528
True,9,Adrian FERNANDEZ,31,1,28.030,28.03
True,9,Adrian FERNANDEZ,31,2,29.967,29.967
True,9,Adrian FERNANDEZ,31,3,39.924,39.924
True,9,Adrian FERNANDEZ,31,4,44.790,44.79
True,10,Adrian FERNANDEZ,31,1,25.020,25.02
True,10,Adrian FERNANDEZ,31,2,29.910,29.91
True,10,Adrian FERNANDEZ,31,3,39.762,39.762
True,10,Adrian FERNANDEZ,31,4,35.934,35.934
True,11,Adrian FERNANDEZ,31,1,27.690,27.69
True,11,Adrian FERNANDEZ,31,2,29.694,29.694
True,11,Adrian FERNANDEZ,31,3,39.510,39.51
True,11,Adrian FERNANDEZ,31,4,35.186,35.186
True,12,Adrian FERNANDEZ,31,1,27.698,27.698
True,12,Adrian FERNANDEZ,31,2,29.812,29.812
True,12,Adrian FERNANDEZ,31,3,39.362,39.362
True,12,Adrian FERNANDEZ,31,4,35.182,35.182
True,13,Adrian FERNANDEZ,31,1,27.721,27.721
True,13,Adrian FERNANDEZ,31,2,29.558,29.558
True,13,Adrian FERNANDEZ,31,3,39.445,39.445
True,13,Adrian FERNANDEZ,31,4,35.165,35.165
True,14,Adrian FERNANDEZ,31,1,27.776,27.776
True,14,Adrian FERNANDEZ,31,2,29.580,29.58
True,14,Adrian FERNANDEZ,31,3,39.302,39.302
True,14,Adrian FERNANDEZ,31,4,35.227,35.227
True,1,Maximo QUILES,28,1,26.987,26.987
True,1,Maximo QUILES,28,2,33.634,33.634
True,1,Maximo QUILES,28,3,42.160,42.16
True,1,Maximo QUILES,28,4,36.934,36.934
True,2,Maximo QUILES,28,1,28.582,28.582
True,2,Maximo QUILES,28,2,30.855,30.855
True,2,Maximo QUILES,28,3,40.838,40.838
True,2,Maximo QUILES,28,4,35.761,35.761
True,3,Maximo QUILES,28,1,28.032,28.032
True,3,Maximo QUILES,28,2,30.257,30.257
True,3,Maximo QUILES,28,3,40.125,40.125
True,3,Maximo QUILES,28,4,36.955,36.955
True,4,Maximo QUILES,28,1,27.760,27.76
True,4,Maximo QUILES,28,2,29.924,29.924
True,4,Maximo QUILES,28,3,39.998,39.998
True,4,Maximo QUILES,28,4,35.339,35.339
True,5,Maximo QUILES,28,1,27.894,27.894
True,5,Maximo QUILES,28,2,30.246,30.246
True,5,Maximo QUILES,28,3,44.551,44.551
True,5,Maximo QUILES,28,4,35.804,35.804
True,6,Maximo QUILES,28,1,28.020,28.02
True,6,Maximo QUILES,28,2,29.995,29.995
True,6,Maximo QUILES,28,3,39.960,39.96
True,6,Maximo QUILES,28,4,35.402,35.402
True,7,Maximo QUILES,28,1,28.021,28.021
True,7,Maximo QUILES,28,2,30.052,30.052
True,7,Maximo QUILES,28,3,41.095,41.095
True,7,Maximo QUILES,28,4,44.842,44.842
True,8,Maximo QUILES,28,1,25.493,25.493
True,8,Maximo QUILES,28,2,30.034,30.034
True,8,Maximo QUILES,28,3,40.133,40.133
True,8,Maximo QUILES,28,4,35.033,35.033
True,9,Maximo QUILES,28,1,27.775,27.775
True,9,Maximo QUILES,28,2,29.756,29.756
True,9,Maximo QUILES,28,3,39.633,39.633
True,9,Maximo QUILES,28,4,35.065,35.065
True,10,Maximo QUILES,28,1,27.705,27.705
True,10,Maximo QUILES,28,2,29.624,29.624
True,10,Maximo QUILES,28,3,39.672,39.672
True,10,Maximo QUILES,28,4,34.915,34.915
True,12,Maximo QUILES,28,1,27.717,27.717
True,12,Maximo QUILES,28,2,29.786,29.786
True,12,Maximo QUILES,28,3,39.909,39.909
True,12,Maximo QUILES,28,4,35.142,35.142
True,1,Maximo QUILES,28,1,27.372,27.372
True,1,Maximo QUILES,28,2,34.232,34.232
True,1,Maximo QUILES,28,3,43.392,43.392
True,1,Maximo QUILES,28,4,37.857,37.857
True,2,Maximo QUILES,28,1,28.850,28.85
True,2,Maximo QUILES,28,2,31.245,31.245
True,2,Maximo QUILES,28,3,41.251,41.251
True,2,Maximo QUILES,28,4,36.134,36.134
True,3,Maximo QUILES,28,1,28.286,28.286
True,3,Maximo QUILES,28,2,30.350,30.35
True,3,Maximo QUILES,28,3,40.341,40.341
True,3,Maximo QUILES,28,4,36.025,36.025
True,4,Maximo QUILES,28,1,27.983,27.983
True,4,Maximo QUILES,28,2,29.992,29.992
True,4,Maximo QUILES,28,3,39.944,39.944
True,4,Maximo QUILES,28,4,35.380,35.38
True,5,Maximo QUILES,28,1,27.973,27.973
True,5,Maximo QUILES,28,2,30.315,30.315
True,5,Maximo QUILES,28,3,40.571,40.571
True,5,Maximo QUILES,28,4,37.587,37.587
True,6,Maximo QUILES,28,1,27.952,27.952
True,6,Maximo QUILES,28,2,29.745,29.745
True,6,Maximo QUILES,28,3,39.841,39.841
True,6,Maximo QUILES,28,4,35.907,35.907
True,7,Maximo QUILES,28,1,27.865,27.865
True,7,Maximo QUILES,28,2,29.896,29.896
True,7,Maximo QUILES,28,3,40.038,40.038
True,7,Maximo QUILES,28,4,46.619,46.619
True,8,Maximo QUILES,28,1,28.864,28.864
True,8,Maximo QUILES,28,2,31.271,31.271
True,8,Maximo QUILES,28,3,40.248,40.248
True,8,Maximo QUILES,28,4,35.454,35.454
True,9,Maximo QUILES,28,1,27.652,27.652
True,9,Maximo QUILES,28,2,29.694,29.694
True,9,Maximo QUILES,28,3,39.331,39.331
True,9,Maximo QUILES,28,4,35.262,35.262
True,10,Maximo QUILES,28,1,27.947,27.947
True,10,Maximo QUILES,28,2,29.739,29.739
True,10,Maximo QUILES,28,3,40.664,40.664
True,10,Maximo QUILES,28,4,36.998,36.998
True,11,Maximo QUILES,28,1,27.721,27.721
True,11,Maximo QUILES,28,2,29.825,29.825
True,11,Maximo QUILES,28,3,41.142,41.142
True,11,Maximo QUILES,28,4,35.434,35.434
True,12,Maximo QUILES,28,1,27.644,27.644
True,12,Maximo QUILES,28,2,29.699,29.699
True,12,Maximo QUILES,28,3,39.367,39.367
True,12,Maximo QUILES,28,4,35.222,35.222
True,1,Nicola CARRARO,10,1,28.186,28.186
True,1,Nicola CARRARO,10,2,33.935,33.935
True,1,Nicola CARRARO,10,3,43.404,43.404
True,1,Nicola CARRARO,10,4,37.689,37.689
True,2,Nicola CARRARO,10,1,28.907,28.907
True,2,Nicola CARRARO,10,2,31.182,31.182
True,2,Nicola CARRARO,10,3,40.710,40.71
True,2,Nicola CARRARO,10,4,36.330,36.33
True,3,Nicola CARRARO,10,1,28.106,28.106
True,3,Nicola CARRARO,10,2,30.280,30.28
True,3,Nicola CARRARO,10,3,40.107,40.107
True,3,Nicola CARRARO,10,4,35.929,35.929
True,4,Nicola CARRARO,10,1,28.158,28.158
True,4,Nicola CARRARO,10,2,30.170,30.17
True,4,Nicola CARRARO,10,3,39.979,39.979
True,4,Nicola CARRARO,10,4,35.718,35.718
True,5,Nicola CARRARO,10,1,27.748,27.748
True,5,Nicola CARRARO,10,2,29.971,29.971
True,5,Nicola CARRARO,10,3,39.820,39.82
True,5,Nicola CARRARO,10,4,35.804,35.804
True,6,Nicola CARRARO,10,1,28.137,28.137
True,6,Nicola CARRARO,10,2,30.112,30.112
True,6,Nicola CARRARO,10,3,39.865,39.865
True,6,Nicola CARRARO,10,4,35.900,35.9
True,7,Nicola CARRARO,10,1,27.831,27.831
True,7,Nicola CARRARO,10,2,29.710,29.71
True,7,Nicola CARRARO,10,3,39.701,39.701
True,7,Nicola CARRARO,10,4,35.547,35.547
True,8,Nicola CARRARO,10,1,30.500,30.5
True,8,Nicola CARRARO,10,2,29.905,29.905
True,8,Nicola CARRARO,10,3,43.019,43.019
True,8,Nicola CARRARO,10,4,35.581,35.581
True,9,Nicola CARRARO,10,1,27.793,27.793
True,9,Nicola CARRARO,10,2,29.976,29.976
True,9,Nicola CARRARO,10,3,41.154,41.154
True,9,Nicola CARRARO,10,4,44.822,44.822
True,10,Nicola CARRARO,10,1,30.909,30.909
True,10,Nicola CARRARO,10,2,31.707,31.707
True,10,Nicola CARRARO,10,3,40.399,40.399
True,10,Nicola CARRARO,10,4,35.659,35.659
True,11,Nicola CARRARO,10,1,27.779,27.779
True,11,Nicola CARRARO,10,2,29.622,29.622
True,11,Nicola CARRARO,10,3,39.489,39.489
True,11,Nicola CARRARO,10,4,35.528,35.528
True,12,Nicola CARRARO,10,1,27.520,27.52
True,12,Nicola CARRARO,10,2,29.598,29.598
True,12,Nicola CARRARO,10,3,39.527,39.527
True,12,Nicola CARRARO,10,4,35.290,35.29
True,13,Nicola CARRARO,10,1,33.560,33.56
True,13,Nicola CARRARO,10,2,31.516,31.516
True,13,Nicola CARRARO,10,3,40.850,40.85
True,13,Nicola CARRARO,10,4,38.767,38.767
True,14,Nicola CARRARO,10,1,27.835,27.835
True,14,Nicola CARRARO,10,2,29.784,29.784
True,14,Nicola CARRARO,10,3,40.151,40.151
True,14,Nicola CARRARO,10,4,36.338,36.338
True,1,Joel ESTEBAN,78,1,29.014,29.014
True,1,Joel ESTEBAN,78,2,34.638,34.638
True,1,Joel ESTEBAN,78,3,43.946,43.946
True,1,Joel ESTEBAN,78,4,36.747,36.747
True,2,Joel ESTEBAN,78,1,28.825,28.825
True,2,Joel ESTEBAN,78,2,31.154,31.154
True,2,Joel ESTEBAN,78,3,40.615,40.615
True,2,Joel ESTEBAN,78,4,35.850,35.85
True,3,Joel ESTEBAN,78,1,28.424,28.424
True,3,Joel ESTEBAN,78,2,30.393,30.393
True,3,Joel ESTEBAN,78,3,41.052,41.052
True,3,Joel ESTEBAN,78,4,35.705,35.705
True,4,Joel ESTEBAN,78,1,28.420,28.42
True,4,Joel ESTEBAN,78,2,30.351,30.351
True,4,Joel ESTEBAN,78,3,42.831,42.831
True,4,Joel ESTEBAN,78,4,35.748,35.748
True,5,Joel ESTEBAN,78,1,28.188,28.188
True,5,Joel ESTEBAN,78,2,30.004,30.004
True,5,Joel ESTEBAN,78,3,40.134,40.134
True,5,Joel ESTEBAN,78,4,35.638,35.638
True,6,Joel ESTEBAN,78,1,27.981,27.981
True,6,Joel ESTEBAN,78,2,30.172,30.172
True,6,Joel ESTEBAN,78,3,40.196,40.196
True,6,Joel ESTEBAN,78,4,35.545,35.545
True,7,Joel ESTEBAN,78,1,29.691,29.691
True,7,Joel ESTEBAN,78,2,30.408,30.408
True,7,Joel ESTEBAN,78,3,40.938,40.938
True,7,Joel ESTEBAN,78,4,46.699,46.699
True,8,Joel ESTEBAN,78,1,28.661,28.661
True,8,Joel ESTEBAN,78,2,31.600,31.6
True,8,Joel ESTEBAN,78,3,40.290,40.29
True,8,Joel ESTEBAN,78,4,35.495,35.495
True,9,Joel ESTEBAN,78,1,27.683,27.683
True,9,Joel ESTEBAN,78,2,29.591,29.591
True,9,Joel ESTEBAN,78,3,39.552,39.552
True,9,Joel ESTEBAN,78,4,35.208,35.208
True,10,Joel ESTEBAN,78,1,27.799,27.799
True,10,Joel ESTEBAN,78,2,29.536,29.536
True,10,Joel ESTEBAN,78,3,40.009,40.009
True,10,Joel ESTEBAN,78,4,36.554,36.554
True,11,Joel ESTEBAN,78,1,29.430,29.43
True,11,Joel ESTEBAN,78,2,31.942,31.942
True,11,Joel ESTEBAN,78,3,41.921,41.921
True,11,Joel ESTEBAN,78,4,37.740,37.74
True,12,Joel ESTEBAN,78,1,27.821,27.821
True,12,Joel ESTEBAN,78,2,30.188,30.188
True,12,Joel ESTEBAN,78,3,40.457,40.457
True,12,Joel ESTEBAN,78,4,35.896,35.896
True,1,Ryusei YAMANAKA,6,1,26.415,26.415
True,1,Ryusei YAMANAKA,6,2,34.547,34.547
True,1,Ryusei YAMANAKA,6,3,43.568,43.568
True,1,Ryusei YAMANAKA,6,4,36.969,36.969
True,2,Ryusei YAMANAKA,6,1,29.114,29.114
True,2,Ryusei YAMANAKA,6,2,32.643,32.643
True,2,Ryusei YAMANAKA,6,3,42.041,42.041
True,2,Ryusei YAMANAKA,6,4,36.397,36.397
True,3,Ryusei YAMANAKA,6,1,28.834,28.834
True,3,Ryusei YAMANAKA,6,2,31.551,31.551
True,3,Ryusei YAMANAKA,6,3,40.916,40.916
True,3,Ryusei YAMANAKA,6,4,35.910,35.91
True,4,Ryusei YAMANAKA,6,1,28.349,28.349
True,4,Ryusei YAMANAKA,6,2,30.907,30.907
True,4,Ryusei YAMANAKA,6,3,40.385,40.385
True,4,Ryusei YAMANAKA,6,4,36.035,36.035
True,5,Ryusei YAMANAKA,6,1,28.116,28.116
True,5,Ryusei YAMANAKA,6,2,30.548,30.548
True,5,Ryusei YAMANAKA,6,3,40.209,40.209
True,5,Ryusei YAMANAKA,6,4,35.615,35.615
True,6,Ryusei YAMANAKA,6,1,28.029,28.029
True,6,Ryusei YAMANAKA,6,2,30.412,30.412
True,6,Ryusei YAMANAKA,6,3,40.078,40.078
True,6,Ryusei YAMANAKA,6,4,35.484,35.484
True,7,Ryusei YAMANAKA,6,1,28.617,28.617
True,7,Ryusei YAMANAKA,6,2,30.688,30.688
True,7,Ryusei YAMANAKA,6,3,40.218,40.218
True,7,Ryusei YAMANAKA,6,4,50.658,50.658
True,8,Ryusei YAMANAKA,6,1,28.532,28.532
True,8,Ryusei YAMANAKA,6,2,31.434,31.434
True,8,Ryusei YAMANAKA,6,3,40.017,40.017
True,8,Ryusei YAMANAKA,6,4,35.375,35.375
True,9,Ryusei YAMANAKA,6,1,27.571,27.571
True,9,Ryusei YAMANAKA,6,2,29.651,29.651
True,9,Ryusei YAMANAKA,6,3,39.415,39.415
True,9,Ryusei YAMANAKA,6,4,35.816,35.816
True,10,Ryusei YAMANAKA,6,1,27.781,27.781
True,10,Ryusei YAMANAKA,6,2,29.689,29.689
True,10,Ryusei YAMANAKA,6,3,39.492,39.492
True,10,Ryusei YAMANAKA,6,4,35.356,35.356
True,11,Ryusei YAMANAKA,6,1,27.711,27.711
True,11,Ryusei YAMANAKA,6,2,29.641,29.641
True,11,Ryusei YAMANAKA,6,3,39.555,39.555
True,11,Ryusei YAMANAKA,6,4,35.211,35.211
True,12,Ryusei YAMANAKA,6,1,27.757,27.757
True,12,Ryusei YAMANAKA,6,2,29.758,29.758
True,12,Ryusei YAMANAKA,6,3,39.486,39.486
True,12,Ryusei YAMANAKA,6,4,35.233,35.233
True,1,Riccardo ROSSI,54,1,27.094,27.094
True,1,Riccardo ROSSI,54,2,33.875,33.875
True,1,Riccardo ROSSI,54,3,43.313,43.313
True,1,Riccardo ROSSI,54,4,39.512,39.512
True,2,Riccardo ROSSI,54,1,29.024,29.024
True,2,Riccardo ROSSI,54,2,31.106,31.106
True,2,Riccardo ROSSI,54,3,40.842,40.842
True,2,Riccardo ROSSI,54,4,36.369,36.369
True,3,Riccardo ROSSI,54,1,28.220,28.22
True,3,Riccardo ROSSI,54,2,31.029,31.029
True,3,Riccardo ROSSI,54,3,40.096,40.096
True,3,Riccardo ROSSI,54,4,35.846,35.846
True,4,Riccardo ROSSI,54,1,28.077,28.077
True,4,Riccardo ROSSI,54,2,30.136,30.136
True,4,Riccardo ROSSI,54,3,39.621,39.621
True,4,Riccardo ROSSI,54,4,35.516,35.516
True,5,Riccardo ROSSI,54,1,28.344,28.344
True,5,Riccardo ROSSI,54,2,30.208,30.208
True,5,Riccardo ROSSI,54,3,40.213,40.213
True,5,Riccardo ROSSI,54,4,36.650,36.65
True,6,Riccardo ROSSI,54,1,27.977,27.977
True,6,Riccardo ROSSI,54,2,29.903,29.903
True,6,Riccardo ROSSI,54,3,39.565,39.565
True,6,Riccardo ROSSI,54,4,35.360,35.36
True,7,Riccardo ROSSI,54,1,31.358,31.358
True,7,Riccardo ROSSI,54,2,37.000,37.0
True,7,Riccardo ROSSI,54,3,41.538,41.538
True,7,Riccardo ROSSI,54,4,48.873,48.873
True,8,Riccardo ROSSI,54,1,30.759,30.759
True,8,Riccardo ROSSI,54,2,31.344,31.344
True,8,Riccardo ROSSI,54,3,40.771,40.771
True,8,Riccardo ROSSI,54,4,36.047,36.047
True,9,Riccardo ROSSI,54,1,27.808,27.808
True,9,Riccardo ROSSI,54,2,29.612,29.612
True,9,Riccardo ROSSI,54,3,39.369,39.369
True,9,Riccardo ROSSI,54,4,35.346,35.346
True,10,Riccardo ROSSI,54,1,27.650,27.65
True,10,Riccardo ROSSI,54,2,29.553,29.553
True,10,Riccardo ROSSI,54,3,39.735,39.735
True,10,Riccardo ROSSI,54,4,38.991,38.991
True,11,Riccardo ROSSI,54,1,27.694,27.694
True,11,Riccardo ROSSI,54,2,30.552,30.552
True,11,Riccardo ROSSI,54,3,41.592,41.592
True,11,Riccardo ROSSI,54,4,40.823,40.823
True,12,Riccardo ROSSI,54,1,27.736,27.736
True,12,Riccardo ROSSI,54,2,29.820,29.82
True,12,Riccardo ROSSI,54,3,39.479,39.479
True,12,Riccardo ROSSI,54,4,35.343,35.343
True,1,Tatchakorn BUASRI,5,1,27.685,27.685
True,1,Tatchakorn BUASRI,5,2,33.413,33.413
True,1,Tatchakorn BUASRI,5,3,42.897,42.897
True,1,Tatchakorn BUASRI,5,4,37.902,37.902
True,2,Tatchakorn BUASRI,5,1,29.119,29.119
True,2,Tatchakorn BUASRI,5,2,31.674,31.674
True,2,Tatchakorn BUASRI,5,3,41.454,41.454
True,2,Tatchakorn BUASRI,5,4,36.494,36.494
True,3,Tatchakorn BUASRI,5,1,28.867,28.867
True,3,Tatchakorn BUASRI,5,2,30.702,30.702
True,3,Tatchakorn BUASRI,5,3,40.349,40.349
True,3,Tatchakorn BUASRI,5,4,35.775,35.775
True,4,Tatchakorn BUASRI,5,1,28.304,28.304
True,4,Tatchakorn BUASRI,5,2,31.196,31.196
True,4,Tatchakorn BUASRI,5,3,40.135,40.135
True,4,Tatchakorn BUASRI,5,4,35.624,35.624
True,5,Tatchakorn BUASRI,5,1,28.120,28.12
True,5,Tatchakorn BUASRI,5,2,30.065,30.065
True,5,Tatchakorn BUASRI,5,3,39.787,39.787
True,5,Tatchakorn BUASRI,5,4,35.542,35.542
True,6,Tatchakorn BUASRI,5,1,30.954,30.954
True,6,Tatchakorn BUASRI,5,2,31.682,31.682
True,6,Tatchakorn BUASRI,5,3,40.072,40.072
True,6,Tatchakorn BUASRI,5,4,37.920,37.92
True,7,Tatchakorn BUASRI,5,1,28.368,28.368
True,7,Tatchakorn BUASRI,5,2,30.667,30.667
True,7,Tatchakorn BUASRI,5,3,40.906,40.906
True,7,Tatchakorn BUASRI,5,4,49.077,49.077
True,8,Tatchakorn BUASRI,5,1,28.199,28.199
True,8,Tatchakorn BUASRI,5,2,31.267,31.267
True,8,Tatchakorn BUASRI,5,3,40.512,40.512
True,8,Tatchakorn BUASRI,5,4,38.251,38.251
True,9,Tatchakorn BUASRI,5,1,27.994,27.994
True,9,Tatchakorn BUASRI,5,2,29.567,29.567
True,9,Tatchakorn BUASRI,5,3,39.565,39.565
True,9,Tatchakorn BUASRI,5,4,35.187,35.187
True,10,Tatchakorn BUASRI,5,1,27.922,27.922
True,10,Tatchakorn BUASRI,5,2,35.479,35.479
True,10,Tatchakorn BUASRI,5,3,40.010,40.01
True,10,Tatchakorn BUASRI,5,4,35.554,35.554
True,12,Tatchakorn BUASRI,5,1,28.062,28.062
True,12,Tatchakorn BUASRI,5,2,29.919,29.919
True,12,Tatchakorn BUASRI,5,3,41.671,41.671
True,12,Tatchakorn BUASRI,5,4,36.054,36.054
True,1,Valentin PERRONE,73,1,27.181,27.181
True,1,Valentin PERRONE,73,2,34.968,34.968
True,1,Valentin PERRONE,73,3,43.484,43.484
True,1,Valentin PERRONE,73,4,38.060,38.06
True,2,Valentin PERRONE,73,1,28.930,28.93
True,2,Valentin PERRONE,73,2,30.681,30.681
True,2,Valentin PERRONE,73,3,40.411,40.411
True,2,Valentin PERRONE,73,4,35.755,35.755
True,3,Valentin PERRONE,73,1,28.179,28.179
True,3,Valentin PERRONE,73,2,30.253,30.253
True,3,Valentin PERRONE,73,3,40.134,40.134
True,3,Valentin PERRONE,73,4,35.627,35.627
True,4,Valentin PERRONE,73,1,28.067,28.067
True,4,Valentin PERRONE,73,2,30.352,30.352
True,4,Valentin PERRONE,73,3,43.341,43.341
True,4,Valentin PERRONE,73,4,35.736,35.736
True,5,Valentin PERRONE,73,1,27.910,27.91
True,5,Valentin PERRONE,73,2,29.869,29.869
True,5,Valentin PERRONE,73,3,39.644,39.644
True,5,Valentin PERRONE,73,4,35.393,35.393
True,6,Valentin PERRONE,73,1,27.844,27.844
True,6,Valentin PERRONE,73,2,30.145,30.145
True,6,Valentin PERRONE,73,3,42.684,42.684
True,6,Valentin PERRONE,73,4,36.710,36.71
True,7,Valentin PERRONE,73,1,27.861,27.861
True,7,Valentin PERRONE,73,2,29.901,29.901
True,7,Valentin PERRONE,73,3,41.225,41.225
True,7,Valentin PERRONE,73,4,46.361,46.361
True,8,Valentin PERRONE,73,1,29.453,29.453
True,8,Valentin PERRONE,73,2,30.539,30.539
True,8,Valentin PERRONE,73,3,39.934,39.934
True,8,Valentin PERRONE,73,4,35.668,35.668
True,9,Valentin PERRONE,73,1,27.623,27.623
True,9,Valentin PERRONE,73,2,29.496,29.496
True,9,Valentin PERRONE,73,3,39.342,39.342
True,9,Valentin PERRONE,73,4,35.874,35.874
True,10,Valentin PERRONE,73,1,27.572,27.572
True,10,Valentin PERRONE,73,2,29.935,29.935
True,10,Valentin PERRONE,73,3,39.880,39.88
True,10,Valentin PERRONE,73,4,36.709,36.709
True,11,Valentin PERRONE,73,1,27.415,27.415
True,11,Valentin PERRONE,73,2,57.564,57.564
True,11,Valentin PERRONE,73,3,49.414,49.414
True,11,Valentin PERRONE,73,4,52.230,52.23
True,1,Marco MORELLI,95,1,27.642,27.642
True,1,Marco MORELLI,95,2,33.786,33.786
True,1,Marco MORELLI,95,3,42.739,42.739
True,1,Marco MORELLI,95,4,36.895,36.895
True,2,Marco MORELLI,95,1,28.928,28.928
True,2,Marco MORELLI,95,2,30.941,30.941
True,2,Marco MORELLI,95,3,40.075,40.075
True,2,Marco MORELLI,95,4,35.809,35.809
True,3,Marco MORELLI,95,1,28.560,28.56
True,3,Marco MORELLI,95,2,30.192,30.192
True,3,Marco MORELLI,95,3,40.079,40.079
True,3,Marco MORELLI,95,4,36.141,36.141
True,4,Marco MORELLI,95,1,28.191,28.191
True,4,Marco MORELLI,95,2,29.939,29.939
True,4,Marco MORELLI,95,3,39.660,39.66
True,4,Marco MORELLI,95,4,35.672,35.672
True,5,Marco MORELLI,95,1,30.481,30.481
True,5,Marco MORELLI,95,2,30.167,30.167
True,5,Marco MORELLI,95,3,39.923,39.923
True,5,Marco MORELLI,95,4,35.696,35.696
True,6,Marco MORELLI,95,1,28.029,28.029
True,6,Marco MORELLI,95,2,29.866,29.866
True,6,Marco MORELLI,95,3,39.533,39.533
True,6,Marco MORELLI,95,4,35.549,35.549
True,7,Marco MORELLI,95,1,31.909,31.909
True,7,Marco MORELLI,95,2,36.871,36.871
True,7,Marco MORELLI,95,3,40.767,40.767
True,7,Marco MORELLI,95,4,47.890,47.89
True,8,Marco MORELLI,95,1,32.416,32.416
True,8,Marco MORELLI,95,2,31.295,31.295
True,8,Marco MORELLI,95,3,41.116,41.116
True,8,Marco MORELLI,95,4,35.631,35.631
True,9,Marco MORELLI,95,1,28.009,28.009
True,9,Marco MORELLI,95,2,29.792,29.792
True,9,Marco MORELLI,95,3,39.332,39.332
True,9,Marco MORELLI,95,4,35.342,35.342
True,10,Marco MORELLI,95,1,27.959,27.959
True,10,Marco MORELLI,95,2,34.650,34.65
True,10,Marco MORELLI,95,3,40.211,40.211
True,10,Marco MORELLI,95,4,35.747,35.747
True,12,Marco MORELLI,95,1,27.852,27.852
True,12,Marco MORELLI,95,2,29.911,29.911
True,12,Marco MORELLI,95,3,39.964,39.964
True,12,Marco MORELLI,95,4,37.104,37.104
True,1,Cormac BUCHANAN,14,1,28.823,28.823
True,1,Cormac BUCHANAN,14,2,33.700,33.7
True,1,Cormac BUCHANAN,14,3,42.225,42.225
True,1,Cormac BUCHANAN,14,4,36.929,36.929
True,2,Cormac BUCHANAN,14,1,28.917,28.917
True,2,Cormac BUCHANAN,14,2,30.805,30.805
True,2,Cormac BUCHANAN,14,3,41.238,41.238
True,2,Cormac BUCHANAN,14,4,36.100,36.1
True,3,Cormac BUCHANAN,14,1,28.660,28.66
True,3,Cormac BUCHANAN,14,2,30.340,30.34
True,3,Cormac BUCHANAN,14,3,40.614,40.614
True,3,Cormac BUCHANAN,14,4,36.011,36.011
True,4,Cormac BUCHANAN,14,1,28.321,28.321
True,4,Cormac BUCHANAN,14,2,30.315,30.315
True,4,Cormac BUCHANAN,14,3,40.563,40.563
True,4,Cormac BUCHANAN,14,4,35.954,35.954
True,5,Cormac BUCHANAN,14,1,28.464,28.464
True,5,Cormac BUCHANAN,14,2,30.300,30.3
True,5,Cormac BUCHANAN,14,3,41.809,41.809
True,5,Cormac BUCHANAN,14,4,36.513,36.513
True,6,Cormac BUCHANAN,14,1,28.353,28.353
True,6,Cormac BUCHANAN,14,2,31.974,31.974
True,6,Cormac BUCHANAN,14,3,43.469,43.469
True,6,Cormac BUCHANAN,14,4,35.890,35.89
True,7,Cormac BUCHANAN,14,1,28.314,28.314
True,7,Cormac BUCHANAN,14,2,30.104,30.104
True,7,Cormac BUCHANAN,14,3,40.176,40.176
True,7,Cormac BUCHANAN,14,4,36.593,36.593
True,8,Cormac BUCHANAN,14,1,28.186,28.186
True,8,Cormac BUCHANAN,14,2,30.280,30.28
True,8,Cormac BUCHANAN,14,3,41.630,41.63
True,8,Cormac BUCHANAN,14,4,44.836,44.836
True,9,Cormac BUCHANAN,14,1,36.391,36.391
True,9,Cormac BUCHANAN,14,2,32.075,32.075
True,9,Cormac BUCHANAN,14,3,40.064,40.064
True,9,Cormac BUCHANAN,14,4,35.456,35.456
True,10,Cormac BUCHANAN,14,1,28.033,28.033
True,10,Cormac BUCHANAN,14,2,29.811,29.811
True,10,Cormac BUCHANAN,14,3,39.720,39.72
True,10,Cormac BUCHANAN,14,4,35.307,35.307
True,11,Cormac BUCHANAN,14,1,27.910,27.91
True,11,Cormac BUCHANAN,14,2,29.682,29.682
True,11,Cormac BUCHANAN,14,3,39.715,39.715
True,11,Cormac BUCHANAN,14,4,35.234,35.234
True,12,Cormac BUCHANAN,14,1,27.944,27.944
True,12,Cormac BUCHANAN,14,2,30.073,30.073
True,12,Cormac BUCHANAN,14,3,40.165,40.165
True,12,Cormac BUCHANAN,14,4,35.656,35.656
True,1,Ruche MOODLEY,21,1,28.009,28.009
True,1,Ruche MOODLEY,21,2,36.864,36.864
True,1,Ruche MOODLEY,21,3,49.082,49.082
True,1,Ruche MOODLEY,21,4,48.480,48.48
True,2,Ruche MOODLEY,21,1,26.336,26.336
True,2,Ruche MOODLEY,21,2,31.747,31.747
True,2,Ruche MOODLEY,21,3,41.129,41.129
True,2,Ruche MOODLEY,21,4,36.112,36.112
True,3,Ruche MOODLEY,21,1,28.753,28.753
True,3,Ruche MOODLEY,21,2,30.546,30.546
True,3,Ruche MOODLEY,21,3,40.335,40.335
True,3,Ruche MOODLEY,21,4,35.828,35.828
True,4,Ruche MOODLEY,21,1,28.347,28.347
True,4,Ruche MOODLEY,21,2,30.163,30.163
True,4,Ruche MOODLEY,21,3,40.025,40.025
True,4,Ruche MOODLEY,21,4,35.706,35.706
True,5,Ruche MOODLEY,21,1,28.213,28.213
True,5,Ruche MOODLEY,21,2,30.522,30.522
True,5,Ruche MOODLEY,21,3,40.680,40.68
True,5,Ruche MOODLEY,21,4,37.484,37.484
True,6,Ruche MOODLEY,21,1,28.121,28.121
True,6,Ruche MOODLEY,21,2,30.162,30.162
True,6,Ruche MOODLEY,21,3,39.916,39.916
True,6,Ruche MOODLEY,21,4,43.086,43.086
True,7,Ruche MOODLEY,21,1,33.107,33.107
True,7,Ruche MOODLEY,21,2,31.547,31.547
True,7,Ruche MOODLEY,21,3,40.972,40.972
True,7,Ruche MOODLEY,21,4,36.387,36.387
True,8,Ruche MOODLEY,21,1,27.876,27.876
True,8,Ruche MOODLEY,21,2,30.014,30.014
True,8,Ruche MOODLEY,21,3,40.290,40.29
True,8,Ruche MOODLEY,21,4,35.776,35.776
True,9,Ruche MOODLEY,21,1,28.101,28.101
True,9,Ruche MOODLEY,21,2,29.968,29.968
True,9,Ruche MOODLEY,21,3,39.539,39.539
True,9,Ruche MOODLEY,21,4,35.358,35.358
True,10,Ruche MOODLEY,21,1,27.805,27.805
True,10,Ruche MOODLEY,21,2,30.163,30.163
True,10,Ruche MOODLEY,21,3,40.237,40.237
True,10,Ruche MOODLEY,21,4,40.653,40.653
True,11,Ruche MOODLEY,21,1,28.223,28.223
True,11,Ruche MOODLEY,21,2,30.078,30.078
True,11,Ruche MOODLEY,21,3,40.149,40.149
True,11,Ruche MOODLEY,21,4,35.813,35.813
True,1,Noah DETTWILER,55,1,26.894,26.894
True,1,Noah DETTWILER,55,2,33.110,33.11
True,1,Noah DETTWILER,55,3,43.030,43.03
True,1,Noah DETTWILER,55,4,36.928,36.928
True,2,Noah DETTWILER,55,1,29.555,29.555
True,2,Noah DETTWILER,55,2,31.283,31.283
True,2,Noah DETTWILER,55,3,41.290,41.29
True,2,Noah DETTWILER,55,4,36.014,36.014
True,3,Noah DETTWILER,55,1,28.737,28.737
True,3,Noah DETTWILER,55,2,30.766,30.766
True,3,Noah DETTWILER,55,3,40.686,40.686
True,3,Noah DETTWILER,55,4,35.839,35.839
True,4,Noah DETTWILER,55,1,28.557,28.557
True,4,Noah DETTWILER,55,2,30.625,30.625
True,4,Noah DETTWILER,55,3,40.839,40.839
True,4,Noah DETTWILER,55,4,43.195,43.195
True,5,Noah DETTWILER,55,1,28.922,28.922
True,5,Noah DETTWILER,55,2,30.632,30.632
True,5,Noah DETTWILER,55,3,40.360,40.36
True,5,Noah DETTWILER,55,4,36.011,36.011
True,6,Noah DETTWILER,55,1,28.155,28.155
True,6,Noah DETTWILER,55,2,30.026,30.026
True,6,Noah DETTWILER,55,3,40.019,40.019
True,6,Noah DETTWILER,55,4,36.048,36.048
True,7,Noah DETTWILER,55,1,28.274,28.274
True,7,Noah DETTWILER,55,2,29.987,29.987
True,7,Noah DETTWILER,55,3,40.216,40.216
True,7,Noah DETTWILER,55,4,35.615,35.615
True,8,Noah DETTWILER,55,1,28.241,28.241
True,8,Noah DETTWILER,55,2,30.166,30.166
True,8,Noah DETTWILER,55,3,40.164,40.164
True,8,Noah DETTWILER,55,4,35.646,35.646
True,9,Noah DETTWILER,55,1,28.267,28.267
True,9,Noah DETTWILER,55,2,30.055,30.055
True,9,Noah DETTWILER,55,3,40.357,40.357
True,9,Noah DETTWILER,55,4,43.328,43.328
True,10,Noah DETTWILER,55,1,27.894,27.894
True,10,Noah DETTWILER,55,2,31.256,31.256
True,10,Noah DETTWILER,55,3,43.570,43.57
True,10,Noah DETTWILER,55,4,44.015,44.015
True,11,Noah DETTWILER,55,1,28.196,28.196
True,11,Noah DETTWILER,55,2,29.945,29.945
True,11,Noah DETTWILER,55,3,39.940,39.94
True,11,Noah DETTWILER,55,4,35.363,35.363
True,13,Noah DETTWILER,55,1,27.971,27.971
True,13,Noah DETTWILER,55,2,29.934,29.934
True,13,Noah DETTWILER,55,3,39.918,39.918
True,13,Noah DETTWILER,55,4,35.341,35.341
True,1,Noah DETTWILER,55,1,27.850,27.85
True,1,Noah DETTWILER,55,2,34.596,34.596
True,1,Noah DETTWILER,55,3,43.074,43.074
True,1,Noah DETTWILER,55,4,38.055,38.055
True,2,Noah DETTWILER,55,1,31.220,31.22
True,2,Noah DETTWILER,55,2,31.987,31.987
True,2,Noah DETTWILER,55,3,42.233,42.233
True,2,Noah DETTWILER,55,4,38.789,38.789
True,3,Noah DETTWILER,55,1,28.812,28.812
True,3,Noah DETTWILER,55,2,31.129,31.129
True,3,Noah DETTWILER,55,3,41.434,41.434
True,3,Noah DETTWILER,55,4,36.855,36.855
True,4,Noah DETTWILER,55,1,28.646,28.646
True,4,Noah DETTWILER,55,2,31.245,31.245
True,4,Noah DETTWILER,55,3,40.593,40.593
True,4,Noah DETTWILER,55,4,36.098,36.098
True,5,Noah DETTWILER,55,1,28.550,28.55
True,5,Noah DETTWILER,55,2,31.260,31.26
True,5,Noah DETTWILER,55,3,40.364,40.364
True,5,Noah DETTWILER,55,4,36.042,36.042
True,6,Noah DETTWILER,55,1,29.942,29.942
True,6,Noah DETTWILER,55,2,31.772,31.772
True,6,Noah DETTWILER,55,3,41.919,41.919
True,6,Noah DETTWILER,55,4,36.565,36.565
True,7,Noah DETTWILER,55,1,28.719,28.719
True,7,Noah DETTWILER,55,2,30.843,30.843
True,7,Noah DETTWILER,55,3,40.302,40.302
True,7,Noah DETTWILER,55,4,45.478,45.478
True,8,Noah DETTWILER,55,1,29.087,29.087
True,8,Noah DETTWILER,55,2,31.973,31.973
True,8,Noah DETTWILER,55,3,41.759,41.759
True,8,Noah DETTWILER,55,4,35.907,35.907
True,9,Noah DETTWILER,55,1,28.143,28.143
True,9,Noah DETTWILER,55,2,30.924,30.924
True,9,Noah DETTWILER,55,3,39.945,39.945
True,9,Noah DETTWILER,55,4,35.785,35.785
True,10,Noah DETTWILER,55,1,28.091,28.091
True,10,Noah DETTWILER,55,2,30.765,30.765
True,10,Noah DETTWILER,55,3,40.565,40.565
True,10,Noah DETTWILER,55,4,36.318,36.318
True,12,Noah DETTWILER,55,1,27.940,27.94
True,12,Noah DETTWILER,55,2,30.242,30.242
True,12,Noah DETTWILER,55,3,40.029,40.029
True,12,Noah DETTWILER,55,4,35.520,35.52
